Campaign,Ad Group,Keyword,Criterion Type
Printosky - Regional Campus Search (60km),Thesis & Project Hardcover,thesis printing thrissur,Exact
Printosky - Regional Campus Search (60km),Thesis & Project Hardcover,project report binding near me,Phrase
Printosky - Regional Campus Search (60km),Thesis & Project Hardcover,hard binding with golden embossing,Phrase
Printosky - Regional Campus Search (60km),Thesis & Project Hardcover,ktu project format printing,Exact
Printosky - Regional Campus Search (60km),Thesis & Project Hardcover,calicut university project binding,Phrase
Printosky - Regional Campus Search (60km),Thesis & Project Hardcover,thesis binding shop near cusat,Phrase
Printosky - Regional Campus Search (60km),Thesis & Project Hardcover,hardbound project report printing ernakulam,Phrase
Printosky - Regional Campus Search (60km),Online Xerox & Campus Delivery,online printout delivery kerala,Phrase
Printosky - Regional Campus Search (60km),Online Xerox & Campus Delivery,xerox delivery to hostel,Phrase
Printosky - Regional Campus Search (60km),Online Xerox & Campus Delivery,bulk document printing thrissur,Phrase
Printosky - Regional Campus Search (60km),Online Xerox & Campus Delivery,spiral binding near me,Phrase
Printosky - Regional Campus Search (60km),Online Xerox & Campus Delivery,colour printout per page rate thrissur,Phrase
Printosky - Regional Campus Search (60km),Campus Specific Searches,print shop near cusat kalamassery,Exact
Printosky - Regional Campus Search (60km),Campus Specific Searches,xerox shop near gec thrissur,Exact
Printosky - Regional Campus Search (60km),Campus Specific Searches,project printing near fisat angamaly,Exact
Printosky - Regional Campus Search (60km),Campus Specific Searches,printing shop near mesce kuttippuram,Exact
Printosky - Regional Campus Search (60km),Campus Specific Searches,project binding near vast thalakkottukara,Exact
